{
  "project_info": {
    "project_number": "902683978843",
    "firebase_url": "https://concise-vertex-258713.firebaseio.com",
    "project_id": "concise-vertex-258713",
    "storage_bucket": "concise-vertex-258713.appspot.com"
  },
  "client": [
    {
      "client_info": {
        "mobilesdk_app_id": "1:902683978843:android:88bc7717b52139a44a237e",
        "android_client_info": {
          "package_name": "com.android.foryou"
        }
      },
      "oauth_client": [
        {
          "client_id": "902683978843-ires89v1p33qhvuncgbni1sqikjpgg24.apps.googleusercontent.com",
          "client_type": 3
        }
      ],
      "api_key": [
        {
          "current_key": "AIzaSyCLGQ60pvWxH_nhsElrF817dJLJliudvTw"
        }
      ],
      "services": {
        "appinvite_service": {
          "other_platform_oauth_client": [
            {
              "client_id": "902683978843-ires89v1p33qhvuncgbni1sqikjpgg24.apps.googleusercontent.com",
              "client_type": 3
            }
          ]
        }
      }
    }
  ],
  "configuration_version": "1"
}